<?xml version="1.0" encoding="UTF-8"?>

<OpenSearchDescription xmlns="http://a9.com/-/spec/opensearch/1.1/">
    <ShortName>tokosushi.com.ua</ShortName>
    <Description>Пошук товарів та послуг на tokosushi.com.ua</Description>
    
    <Image width="16" height="16" type="image/x-icon">https://images.prom.ua/2860472427_2860472427.ico</Image>
    <Url type="text/html" template="https://tokosushi.com.ua/ua/site_search?search_term={searchTerms}"/>
    <Url type="application/x-suggestions+json" rel="suggestions" template="http://suggester-ua-ams.prom.evo-nl.com/search_suggester/suggest_company_opensearch_keywords.js?company_id=2260313&amp;term={searchTerms}"/>
</OpenSearchDescription>
